year_month,sentiment_ewma,ma_30,ma_90,volatility,momentum,date
1996-06,-0.007753997347604399,-0.25032116509677316,-0.25032116509677316,0.23871332528027991,,1996-06-01
1996-07,0.5944507872706603,0.3161291677366206,0.2212223797510847,0.22996027870888444,0.6527529759913658,1996-07-01
1996-08,0.7900646134381288,0.7248395701602947,0.46772475100202515,0.05341130549358561,0.18392477762893694,1996-08-01
1996-09,0.8,0.7992393781699386,0.6319860779239276,0.001756951149390349,0.008381586965759717,1996-09-01
1996-10,0.8,0.8,0.7766408675222177,0.0,0.0,1996-10-01
1996-11,0.6913613709792205,0.7628350785018171,0.7874326287407752,0.034926872975244896,-0.1086386290207796,1996-11-01
1996-12,0.4504456897087532,0.5650965259216939,0.7084589132058231,0.06997168557437781,-0.23694231304723098,1996-12-01
1997-01,0.2536517778703617,0.3344761579084966,0.5493216782602854,0.05668888199785367,-0.18906984973234933,1997-01-01
1997-02,0.2097471922385696,0.2247108100508874,0.37413601842729655,0.011269940516235508,-0.04368909552005851,1997-02-01
1997-03,0.13338095870583938,0.17651709967015533,0.24777671865268508,0.02337431175083752,-0.07615609088042077,1997-03-01
1997-04,0.03209538269505587,0.07693168479263113,0.1591448013083583,0.03016245706612925,-0.09958230368344219,1997-04-01
1997-05,-0.0012302226664057158,0.012894618055616066,0.08740551194194943,0.009680900177674832,-0.03275359749590202,1997-05-01
1997-06,-0.053631373752721534,-0.02944921219277296,0.018845711731895597,0.015915703619934496,-0.051881372368678645,1997-06-01
1997-07,-0.0573852275322467,-0.06199594440513225,-0.026815783792715243,0.006830486834828619,-0.003279671146821805,1997-07-01
1997-08,0.040342575632380154,-0.016102915358609252,-0.036697786190321165,0.028961843587694557,0.09638982235309947,1997-08-01
1997-09,0.24608594564419436,0.14604682904462243,0.023013409733979803,0.062106739287296854,0.20350349648376234,1997-09-01
1997-10,0.30812188396651347,0.29759345919723607,0.14476630771424603,0.022483439487196385,0.05975104580081044,1997-10-01
1997-11,0.21004951939893154,0.26496539026814186,0.23897403275162724,0.029907837578046746,-0.09777917357276694,1997-11-01
1997-12,0.06605357651957462,0.13443127797118332,0.23227544979594877,0.04187423279460871,-0.1416201553430429,1997-12-01
1998-01,-0.06223424392806972,-0.004505138242410561,0.12828480100556489,0.03626765813928703,-0.12374735376748665,1998-01-01
1998-02,-0.1319207941448007,-0.10519877900115794,0.008065409733779358,0.021177861860270927,-0.0711879639521923,1998-02-01
1998-03,-0.1387212217625581,-0.13609501177965175,-0.07991826165782819,0.0025359162897186293,-0.007972082940657526,1998-03-01
1998-04,-0.1410721996619591,-0.14135243720168342,-0.12743608740667495,0.002090610960522843,-0.0022287075859511916,1998-04-01
1998-05,-0.14652066352902923,-0.1436713630037853,-0.14045174148938205,0.004658605127718491,-0.005477972026279925,1998-05-01
1998-06,-0.10338272277052242,-0.12641327486194956,-0.13719657949562955,0.015389590603901937,0.04335004798525927,1998-06-01
1998-07,-0.10036459713693023,-0.09865558632621435,-0.12271156192430002,0.0028798719074386524,0.0028030859994312156,1998-07-01
1998-08,-0.13845884222009033,-0.11566826155616952,-0.11282271520537851,0.011646741299451561,-0.03768048864970792,1998-08-01
1998-09,-0.21229287217201176,-0.17614832390373666,-0.1302741474181468,0.021649251151304397,-0.07287016666287008,1998-09-01
1998-10,-0.2724930282019635,-0.24796373305395766,-0.18077955449687072,0.017740530821477328,-0.058974974125307354,1998-10-01
1998-11,-0.2867779276170173,-0.28096257034362715,-0.23620705995630578,0.0038175326509812656,-0.01354424884885458,1998-11-01
1998-12,-0.2996739279301809,-0.2948096211457021,-0.2752851423293365,0.003920523398555888,-0.01259814701932784,1998-12-01
1999-01,-0.2855645322834784,-0.29571742148767427,-0.29084755221319575,0.004644469725435126,0.014180479405489983,1999-01-01
1999-02,-0.25723757541257813,-0.269033472362696,-0.28682129969622755,0.009258295981368498,0.029371472294796065,1999-02-01
1999-03,-0.2361278826459668,-0.24626720508331776,-0.27072737049874973,0.006984850534634488,0.021239714052749135,1999-03-01
1999-04,-0.25443933198322116,-0.24108466188269354,-0.2520544810115236,0.00692817922149894,-0.018657559828221836,1999-04-01
1999-05,-0.2859003101575256,-0.2726733495724855,-0.25326716214612904,0.009092503151727788,-0.030760642234048695,1999-05-01
1999-06,-0.28794196497244867,-0.2916850193248495,-0.26889411051097467,0.006726387424305466,-0.001716636014043867,1999-06-01
1999-07,-0.28210197827649064,-0.2800751924795579,-0.2817642099512994,0.005948457443642657,0.005396407298370238,1999-07-01
1999-08,-0.32153892480194046,-0.3009307960910201,-0.290799162036685,0.011666081385784108,-0.03865731784091805,1999-08-01
1999-09,-0.34820924751162813,-0.34010020946285896,-0.3071189036774086,0.00852299238698771,-0.02589767497854676,1999-09-01
1999-10,-0.35586975400095905,-0.35006237764628567,-0.33088939281144497,0.003329052715547626,-0.007702680958802888,1999-10-01
1999-11,-0.3570695484049632,-0.36020172832373537,-0.3504122664188353,0.004142889862463504,-0.0009008639025720652,1999-11-01
1999-12,-0.27877593958732383,-0.32238590438425296,-0.3442641779796963,0.024668340773710804,0.07757467079685701,1999-12-01
2000-01,-0.23355110008051314,-0.24577620334659234,-0.3085056964066145,0.012539261525161997,0.04210179512472625,2000-01-01
2000-02,-0.21713047239492614,-0.23174536696075984,-0.2656949424500625,0.008083002270610555,0.01610507367994526,2000-02-01
2000-03,-0.10203981866080858,-0.16032200130965285,-0.2124567130881811,0.035089671680249165,0.1141085391999954,2000-03-01
2000-04,-0.007831669228081227,-0.04933830146198177,-0.14634163029245253,0.026330943156679196,0.09209180266063693,2000-04-01
2000-05,0.09124304839605359,0.04390034580493483,-0.05349197521592469,0.029749174457839714,0.09742392895444654,2000-05-01
2000-06,0.10823906183629176,0.11187893039515796,0.037034913099437024,0.012247120100673987,0.015399337811444898,2000-06-01
2000-07,0.019977847859667396,0.06691259254675438,0.07525205057863163,0.026389671377883412,-0.08712859203720733,2000-07-01
2000-08,-0.09804284784323546,-0.04257165254126522,0.044460214772544096,0.03371620162358366,-0.11435364909137673,2000-08-01
2000-09,-0.16752870177730556,-0.1465111956813551,-0.04280052737917859,0.02398036881897392,-0.06756944778072713,2000-09-01
2000-10,-0.08986378168178012,-0.12928247533538717,-0.10760981169860824,0.025621793383431596,0.07648937685571945,2000-10-01
2000-11,-0.07715128915435031,-0.07639612189518609,-0.11768056075821651,0.006026466441339305,0.011338389872045164,2000-11-01
2000-12,-0.0755525723474333,-0.07891166860454886,-0.09401641613460834,0.005168788632949479,0.0018856448345449827,2000-12-01
2001-01,-0.10014210581694759,-0.08245198425266513,-0.07914560533151453,0.009009020459879159,-0.024911558674459156,2001-01-01
2001-02,-0.1657946901814478,-0.13334634777057128,-0.09797727801932994,0.020675717113741887,-0.06699319219933557,2001-02-01
2001-03,-0.17625756124083056,-0.175714188110628,-0.12985215950421133,0.005652281240134942,-0.012274861670156815,2001-03-01
2001-04,-0.17076172887523988,-0.1712586616905453,-0.16021713503530463,0.004393541218186003,0.005394007692230301,2001-04-01
2001-05,-0.19889141669373717,-0.18497207537667268,-0.1774300759002742,0.008663519578560597,-0.027697404769676262,2001-05-01
2001-06,-0.20185231122310857,-0.2061051615518314,-0.1875475995159074,0.006654083601844266,-0.0024699307525365226,2001-06-01
2001-07,-0.14834658484882807,-0.17438773888392362,-0.18873995210501765,0.016512649126482495,0.05258667122838996,2001-07-01
2001-08,-0.13434104533597224,-0.13455155254806547,-0.1710270786731233,0.007120524364686008,0.01254081559939452,2001-08-01
2001-09,-0.17720983724884992,-0.15419998504716154,-0.15336772176551786,0.013137727198078307,-0.04265592908111868,2001-09-01
2001-10,-0.20645262661993063,-0.19607111616563166,-0.1617574442738452,0.008239990025233908,-0.028488209528418573,2001-10-01
2001-11,-0.22659352660533313,-0.21573537727813663,-0.18934359048323113,0.006299130245335411,-0.01994587284378403,2001-11-01
2001-12,-0.19978459447997682,-0.22003931633570067,-0.21104201862156483,0.012407055793815316,0.026997416881235123,2001-12-01
2002-01,-0.18382087462752197,-0.1830091389873734,-0.20628108620753163,0.008814014810688497,0.014096937896323101,2002-01-01
2002-02,-0.2235307539909764,-0.20232107660032836,-0.20168555430367235,0.012208238754749051,-0.04059600362113241,2002-02-01
2002-03,-0.2733588901543436,-0.24848479960175893,-0.2112564646245659,0.014871419828574985,-0.050492958806757596,2002-03-01
2002-04,-0.33150122648398345,-0.3033437860074807,-0.2516940208076667,0.016937571590868082,-0.057306205668754,2002-04-01
2002-05,-0.38198420355652646,-0.3601809980622898,-0.3048897803960528,0.014616620353344953,-0.04951453140480124,2002-05-01
2002-06,-0.4128704067342141,-0.398374613402168,-0.35490217719035794,0.008699823245713794,-0.03020416446526938,2002-06-01
2002-07,-0.43134156218596864,-0.4263688814132832,-0.3956833442937343,0.007188071348404438,-0.01795452155856351,2002-07-01
2002-08,-0.34375821870649254,-0.3954750613047758,-0.40742155109579903,0.027459275678407537,0.086921750495086,2002-08-01
2002-09,-0.22932921615873256,-0.2784132398757889,-0.3666749414839811,0.033378957154867814,0.11227505400774164,2002-09-01
2002-10,-0.20675950222030945,-0.20983724464802084,-0.29301668436566564,0.008579139549987513,0.021696083793652364,2002-10-01
2002-11,-0.2441130750016257,-0.22369586840820668,-0.23590030954457364,0.01141887415738817,-0.037203145429667274,2002-11-01
2002-12,-0.26435940483780657,-0.26188628722519197,-0.2318336693747263,0.010257578743512045,-0.019495541633702568,2002-12-01
2003-01,-0.16096509967710942,-0.21784693840324465,-0.23532266772540675,0.03169538633886165,0.10198859589955692,2003-01-01
2003-02,-0.004723449796953714,-0.08365899927877829,-0.18895264113069343,0.04788089147397791,0.15903397931859403,2003-02-01
2003-03,0.07656099761298979,0.046601307616176355,-0.08692649594096848,0.0250809402286742,0.08482406442082174,2003-03-01
2003-04,0.04207780284344151,0.06665049723163664,0.010475924677605906,0.013077279425943862,-0.035135192161852506,2003-04-01
2003-05,-0.017693037467720354,0.008383231596840537,0.04114957181408376,0.017139824600126283,-0.058548595882011015,2003-05-01
2003-06,-0.07981184177759358,-0.04855630896912739,0.008055433156457074,0.018662682429208263,-0.061389428876290376,2003-06-01
2003-07,-0.13288342921937005,-0.1083506882109812,-0.05050882695700606,0.014898965849852962,-0.05217605598692661,2003-07-01
2003-08,-0.19725468286099604,-0.16700208109055079,-0.10959245783524399,0.018742289303461133,-0.06250565539313549,2003-08-01
2003-09,-0.24284225551461422,-0.22285328484069258,-0.16728631073505787,0.012789041008695207,-0.044525978644289796,2003-09-01
2003-10,-0.27975705893431535,-0.2627715825391015,-0.21846559672087676,0.01063637979674476,-0.036270788252571136,2003-10-01
2003-11,-0.29260462890000444,-0.29141344142564696,-0.2597080715806567,0.0072919220421201894,-0.012282558857733394,2003-11-01
2003-12,-0.25405305108962073,-0.2724624639367954,-0.2759547954874874,0.012106737289489232,0.037966900850502985,2003-12-01
2004-01,-0.2626086108692685,-0.2529114055889721,-0.27194760131469203,0.006278694983012767,-0.009427579429617566,2004-01-01
2004-02,-0.3086329505422552,-0.2851389542711399,-0.26962188031865586,0.013851206995129888,-0.046211586752082694,2004-02-01
2004-03,-0.34614633025402,-0.3304401529252392,-0.28952110296245653,0.011154600122770338,-0.03757155344013524,2004-03-01
2004-04,-0.34088424432778897,-0.3484241738946344,-0.3218377736820501,0.0048281462350268384,0.005724891519120227,2004-04-01
2004-05,-0.2758866437100041,-0.309842143962339,-0.3298814377511456,0.01992956489242904,0.06420492976278977,2004-05-01
2004-06,-0.237266026628324,-0.2499911736280339,-0.3023371461369889,0.010843917454554406,0.037273123611248876,2004-06-01
2004-07,-0.24277428417203842,-0.23935855546239182,-0.2655324328518751,0.003689971810499454,-0.005500815613652831,2004-07-01
2004-08,-0.22583911385107044,-0.2380045042806206,-0.2419964149961651,0.005413890565294197,0.01705413964167806,2004-08-01
2004-09,-0.10741831314595478,-0.17564236512813025,-0.21770715260826115,0.03590889349909373,0.1179092786534098,2004-09-01
2004-10,0.048804260480682454,-0.0169690171378079,-0.14253170601011372,0.04600001488433848,0.15308253404577501,2004-10-01
2004-11,0.07954913867476089,0.0734094403335109,-0.037438523330985955,0.009257901702791943,0.028782166640081493,2004-11-01
2004-12,0.07995713691117358,0.07935745315079776,0.04699699094823726,0.004384451935801131,0.0005891190794651145,2004-12-01
2005-01,0.03563162281744133,0.06205236317279538,0.07195153201681885,0.014052105823404073,-0.04412757254538686,2005-01-01
2005-02,0.004285461517299237,0.010849217452525326,0.0511615976703673,0.014345398982855164,-0.032586855739273814,2005-02-01
2005-03,0.05540555973983387,0.030880101730359367,0.035555569756774555,0.016384042966698886,0.05042024806518541,2005-03-01
2005-04,0.07637437919820984,0.0697400587421135,0.03764247120002107,0.006310739771264134,0.02012845146086538,2005-04-01
2005-05,0.05433520150572793,0.06871914008527549,0.057083000286375495,0.007011386385750026,-0.02194149907082768,2005-05-01
2005-06,0.011574997833139906,0.03227828230083869,0.05703607538588071,0.012425972335154346,-0.04212649899188133,2005-06-01
2005-07,-0.06761246292815647,-0.026677918234281783,0.02427237889849656,0.023483482999331576,-0.0780948980396186,2005-07-01
2005-08,-0.16383768211426136,-0.11923897266947817,-0.039480174530789315,0.027536019049732834,-0.09313989741724414,2005-08-01
2005-09,-0.17495279129583044,-0.1833042058572682,-0.11155871342510651,0.015969273104436917,-0.009585167156878854,2005-09-01
2005-10,-0.06844900260855032,-0.12223501661498609,-0.14250852578617998,0.03245362538380122,0.1051257214223113,2005-10-01
2005-11,-0.028371040088708502,-0.03681185474302672,-0.11360799071522319,0.012220313509299094,0.03795183907073358,2005-11-01
2005-12,-0.0694825674767195,-0.04646334922046989,-0.0672387574664275,0.012746509653217601,-0.0406692976242128,2005-12-01
2006-01,-0.09110510592845743,-0.08832725549924429,-0.05721917462997699,0.00967073215651877,-0.01988283076176409,2006-01-01
2006-02,-0.07233930133396789,-0.07833621739796112,-0.07129165942899808,0.008185752758190095,0.019874248542648656,2006-02-01
2006-03,-0.10220521091697257,-0.08571974083462938,-0.0841258260148444,0.009197076956309563,-0.029461486726221953,2006-03-01
2006-04,-0.14715001194023197,-0.12645542873872045,-0.09705922764369171,0.013588414824682142,-0.04431420154205676,2006-04-01
2006-05,-0.1850479089703926,-0.16553504829849552,-0.12647751745581412,0.010975867789809784,-0.037436530046033624,2006-05-01
2006-06,-0.18715391479941892,-0.19397044726356055,-0.16266806498533765,0.009489321042958706,-0.001319488478285538,2006-06-01
2006-07,-0.14231727064798563,-0.16350715579775835,-0.17466807908885856,0.013410574533001799,0.044089907914072114,2006-07-01
2006-08,-0.14701600666322825,-0.13740694956477478,-0.16435474913391723,0.00806455183029107,-0.005807940535606776,2006-08-01
2006-09,-0.2008008987952514,-0.1744194130471586,-0.15767600095023104,0.015963458925919195,-0.05320501695358,2006-09-01
2006-10,-0.2539189882402083,-0.22860767852191435,-0.18053966028676866,0.015267179741978797,-0.05225691705480041,2006-10-01
2006-11,-0.30201462504884147,-0.28141121068046815,-0.22902988040905894,0.014607929327144815,-0.04721491196362962,2006-11-01
2006-12,-0.2632529015456148,-0.29253905810359127,-0.2683281114813762,0.014890220446007506,0.03872869242644734,2006-12-01
2007-01,-0.14619295098869237,-0.1988473246212323,-0.2578541710281772,0.03492383442583247,0.11368498641812874,2007-01-01
2007-02,-0.12620442466094645,-0.12690420832030633,-0.20676570343459444,0.009493500261588435,0.020192761198224572,2007-02-01
2007-03,-0.13694843951688226,-0.13619244996774404,-0.15564676788384282,0.007875595521246408,-0.010734898373398872,2007-03-01
2007-04,-0.12390453139944385,-0.1266818757139471,-0.1302251171514426,0.005814015566243102,0.01286211004417156,2007-04-01
2007-05,-0.15516551617373392,-0.13725218535618672,-0.13345307921461974,0.00949186371826727,-0.03092835636237184,2007-05-01
2007-06,-0.20390035706332696,-0.18206106548958992,-0.1486783216201131,0.01449603488319499,-0.0480365240894322,2007-06-01
2007-07,-0.23339046206484243,-0.21908076006212468,-0.18006837685523056,0.008323285024445036,-0.029041905550977437,2007-07-01
2007-08,-0.26399055214841033,-0.25070389905917,-0.21837419602140992,0.008654250276984606,-0.02949085712431169,2007-08-01
2007-09,-0.2980728429852924,-0.2801402269684085,-0.2506266940547737,0.010032033131496193,-0.033688631157500024,2007-09-01
2007-10,-0.3412443699051387,-0.3214083610775488,-0.2846168826224157,0.012703790925389088,-0.04243597483798003,2007-10-01
2007-11,-0.3523315535456508,-0.3514105066992668,-0.3182774242655387,0.004544699865616343,-0.01040820322777907,2007-11-01
2007-12,-0.279769472188434,-0.3217165720402406,-0.3319810277701288,0.022667627663863966,0.07188246181663273,2007-12-01
2008-01,-0.19419077062379494,-0.22922226469105608,-0.30003979724445123,0.024375471879577018,0.08217005404977105,2008-01-01
2008-02,-0.17611750294082285,-0.1795598868777739,-0.24271683334606536,0.006528529010737813,0.01763418203271301,2008-02-01
2008-03,-0.20347445009637757,-0.18942598986801829,-0.19951597524319875,0.008554129112651944,-0.026997232654780372,2008-03-01
2008-04,-0.2336524259366849,-0.21815110236280835,-0.19582194973609177,0.008628025854573946,-0.02965770767466751,2008-04-01
2008-05,-0.250988740815736,-0.24692527383359908,-0.21865248372196897,0.00659344464845426,-0.016718535573783763,2008-05-01
2008-06,-0.25064407723225307,-0.24994609861282574,-0.23880795335097632,0.002664585417838659,0.0002841687973417402,2008-06-01
2008-07,-0.24950110671834505,-0.24838492216966215,-0.24859571161571598,0.003948810533429691,0.0009511398220508052,2008-07-01
2008-08,-0.2572822242568797,-0.2564720907739077,-0.2516013187870225,0.0047966627079167705,-0.00723427647442895,2008-08-01
2008-09,-0.23489495529057092,-0.24676514450086143,-0.25058337557660176,0.006732077656459595,0.022241696482472872,2008-09-01
2008-10,-0.2172612625019052,-0.2231105847629474,-0.24204771449643425,0.005678580190348578,0.0171869569747649,2008-10-01
2008-11,-0.2423798001994856,-0.227132523838722,-0.23196270822680845,0.008233868799858218,-0.025244700449505067,2008-11-01
2008-12,-0.247559982112212,-0.24891139500519907,-0.23304731490711522,0.005911798093051237,-0.004757703601173187,2008-12-01
2009-01,-0.24046651191509627,-0.24514859313782736,-0.2409042829864408,0.0030168563950879147,0.006850828888263523,2009-01-01
2009-02,-0.23302356831603607,-0.23446297035178493,-0.24306615451042285,0.003763787640735574,0.007887916252874662,2009-02-01
2009-03,-0.20127568816673674,-0.2193153195623431,-0.23316297080794063,0.011285155779563303,0.031369328435287634,2009-03-01
2009-04,-0.20843948586592137,-0.1988861282384828,-0.21745043141673992,0.006621094006941178,-0.00799960968224267,2009-04-01
2009-05,-0.2495104291263937,-0.22909094479239692,-0.21552134097117645,0.011928828517458523,-0.04043134408098115,2009-05-01
2009-06,-0.30399007789655985,-0.27758555956005415,-0.23551722477850698,0.016154608581055573,-0.0537715364802913,2009-06-01
2009-07,-0.3308655227626875,-0.3215424205666731,-0.2768278479668927,0.007591869976225689,-0.02620090608540211,2009-07-01
2009-08,-0.31959361980787965,-0.32873921864919237,-0.31046229910338613,0.005382957518455811,0.011565272533320682,2009-08-01
2009-09,-0.2978827665719795,-0.3067630481817312,-0.3194321029713783,0.006116223033083342,0.021230799328397835,2009-09-01
2009-10,-0.2904188962915391,-0.2915012572120766,-0.308757655086212,0.00406366764597224,0.007139685684126003,2009-10-01
2009-11,-0.31462538056462297,-0.3015394063680336,-0.2996384213240161,0.00743391911780857,-0.02412028919957371,2009-11-01
2009-12,-0.3343866761459225,-0.32816558662274353,-0.3071511481965378,0.007176905078154636,-0.019296983974380157,2009-12-01
2010-01,-0.2539280591712783,-0.30284110401241837,-0.31147461379698566,0.025345109639503868,0.08001352171788786,2010-01-01
2010-02,-0.13462251145884194,-0.1883149513972214,-0.2741070905386855,0.03694373437461217,0.12204182766632822,2010-02-01
2010-03,-0.10453803764077473,-0.11504662783805622,-0.20380281896422886,0.00906182924675421,0.03258856276316911,2010-03-01
2010-04,-0.12611620303808715,-0.11059935177417654,-0.13787921792841001,0.008228915217060796,-0.021811798818936537,2010-04-01
2010-05,-0.1762266827571619,-0.15230256775026818,-0.12582968206771356,0.014471053671931623,-0.0492610235578261,2010-05-01
2010-06,-0.2369001126932779,-0.2069625409868023,-0.15715714613872758,0.017960327995215453,-0.05988085197877047,2010-06-01
2010-07,-0.2864953534000399,-0.26433503230823563,-0.20875844734058563,0.014070534553390919,-0.04870702604292003,2010-07-01
2010-08,-0.32212432792849577,-0.308490163072394,-0.26147584796270834,0.010417016525585656,-0.03413304144141283,2010-08-01
2010-09,-0.3334111474729139,-0.32746751510904964,-0.3011326568844212,0.0032332610689427767,-0.010909631712492021,2010-09-01
2010-10,-0.35186003185338477,-0.3432893413984998,-0.32685328975415145,0.005696834364374776,-0.01817405094585727,2010-10-01
2010-11,-0.32793016501664846,-0.3441372811793398,-0.33852418030979925,0.009791914646423565,0.024260835100317995,2010-11-01
2010-12,-0.30413249995911174,-0.31496148245118355,-0.3341408502376615,0.0066041429702671526,0.02334411167572129,2010-12-01
2011-01,-0.26552508279187814,-0.2837541115822986,-0.3135495165980692,0.01129230734858223,0.0375692468313495,2011-01-01
2011-02,-0.22791858291552067,-0.2449784958782148,-0.28130390985090503,0.012456214853409872,0.03858933058292339,2011-02-01
2011-03,-0.22805432789395905,-0.22871976884732897,-0.2531677643587756,0.004416423360600858,0.0008899117013119014,2011-03-01
2011-04,-0.21594603468011098,-0.22002063884142772,-0.2312812916147339,0.00506842871172438,0.012104042577146834,2011-04-01
2011-05,-0.20610797343818688,-0.21107419775710423,-0.21988380299641444,0.004012498170200917,0.009659196923068165,2011-05-01
2011-06,-0.19328132318026048,-0.20200049225934943,-0.2108483075212911,0.004591377382396536,0.012683541346013408,2011-06-01
2011-07,-0.17399696154936672,-0.1802901774561789,-0.19757684918138282,0.00593118675861131,0.01872500029331468,2011-07-01
2011-08,-0.16675065526839516,-0.17154520708688437,-0.18415211453199862,0.0028003491154933837,0.0071960801078698846,2011-08-01
2011-09,-0.17617181384648506,-0.16826232832517135,-0.17301454140148867,0.005451151456520042,-0.009675607080781993,2011-09-01
2011-10,-0.20606358185061868,-0.18997082426476028,-0.17660246484872286,0.00867073367947998,-0.02957178542144299,2011-10-01
2011-11,-0.2416971568049122,-0.22624420016192862,-0.19509059831015424,0.010234284935915895,-0.03496783135626936,2011-11-01
2011-12,-0.2668751396745203,-0.25758454191957153,-0.22511256829162324,0.008488544043879161,-0.02459548417283126,2011-12-01
2012-01,-0.2465848753386369,-0.2591830669387245,-0.24849198254675492,0.006532133857768534,0.020294264866827866,2012-01-01
2012-02,-0.2021346714963891,-0.22271200026777407,-0.24688293207043452,0.014226681368519041,0.044816305102919334,2012-02-01
2012-03,-0.19547754114288163,-0.19829840447402888,-0.22676048847373792,0.003746770328013055,0.007199099938565582,2012-03-01
2012-04,-0.19585216831978494,-0.19302652304868714,-0.2044077137546773,0.004557598572551514,-0.00047191643467568066,2012-04-01
2012-05,-0.19383449188943686,-0.19489999436499958,-0.19536569281931568,0.004139750701212467,0.001968103613868011,2012-05-01
2012-06,-0.2264405059398939,-0.20850817379979775,-0.19881032676856894,0.010477094980835525,-0.03262204468777261,2012-06-01
2012-07,-0.24082427609380466,-0.23651889120543762,-0.21349422027786683,0.004081787852124851,-0.01396622078743991,2012-07-01
2012-08,-0.24864198081690228,-0.24489353253346693,-0.23069420837567609,0.0024886464386189716,-0.007582920006520408,2012-08-01
2012-09,-0.2539470804880354,-0.2542362864665678,-0.2454962750295214,0.005186961708104513,-0.005239129061049127,2012-09-01
2012-10,-0.22960154583515682,-0.23973782176793437,-0.24636372450136862,0.007760494450408083,0.02374772363220624,2012-10-01
2012-11,-0.21362109516630573,-0.22060692687331176,-0.23809023438333377,0.005851638901329444,0.015786670901783206,2012-11-01
2012-12,-0.22734716723298193,-0.2203086225702706,-0.22654805915558002,0.005087050261245871,-0.0135145438876995,2012-12-01
2013-01,-0.24167830307762214,-0.23491592213019533,-0.22519247103301496,0.0049844231289027305,-0.013925743700933666,2013-01-01
2013-02,-0.21035954431212484,-0.23017647294021767,-0.22845472204912998,0.01182212107063385,0.031953076848768795,2013-02-01
2013-03,-0.19327090089676535,-0.20029596715754003,-0.22168621935382216,0.005198439378414328,0.018476678348548894,2013-03-01
2013-04,-0.19417613779426848,-0.1897271563190673,-0.20653229969766385,0.005405105965071513,-0.0011155181387265392,2013-04-01
2013-05,-0.20787886456026322,-0.20387141419484758,-0.19782381505244095,0.004663592418788645,-0.013288732310523767,2013-05-01
2013-06,-0.20543266284090048,-0.20802494184667583,-0.2006672305273404,0.0026574769779990374,0.0024751650075758775,2013-06-01
2013-07,-0.19057301459731482,-0.19514455970216815,-0.20245236074874562,0.006468182334958724,0.014362664683934942,2013-07-01
2013-08,-0.15580044183946914,-0.18116314883258214,-0.19455166385643755,0.012616003076264197,0.03488072739133845,2013-08-01
2013-09,-0.035160711596242795,-0.09524366077077208,-0.15681983343466663,0.03608407983728446,0.11938711276687518,2013-09-01
2013-10,0.021594368017367627,0.004525743485604093,-0.08951690411123325,0.01626961815750729,0.05507528779450978,2013-10-01
2013-11,0.0376370652521028,0.0307637507763035,-0.018252162640318367,0.006626685593069751,0.015886646127352164,2013-11-01
2013-12,0.012456927012055363,0.026473748494308953,0.02123628854333512,0.008426549089143273,-0.024904169447415254,2013-12-01
2014-01,0.0010611026576910528,0.003722780531755943,0.020271566494156498,0.00352618900050131,-0.01056660308663041,2014-01-01
2014-02,0.029941596564827425,0.012261307637679937,0.014043762566566448,0.010072967364547922,0.029369127678440698,2014-02-01
2014-03,0.0331188584129857,0.0351975008259115,0.01711993857459602,0.005396503439133305,0.004319486221107124,2014-03-01
2014-04,0.011652583283922152,0.023428764467384924,0.02375873341237146,0.006506763073551437,-0.02120600527802215,2014-04-01
2014-05,-0.008025632085548247,8.999074671074221e-06,0.019439520259524185,0.006174154893073499,-0.01931032690305218,2014-05-01
2014-06,0.008189445837774636,-0.003397211926623445,0.006320206108861471,0.006965094069181792,0.01649086702033974,2014-06-01
2014-07,0.05691426614817502,0.031855317083999864,0.00941849909996788,0.014673840083629512,0.048094947687480474,2014-07-01
2014-08,0.11437365881526997,0.0899948276799511,0.04036675166924624,0.017522952951742624,0.0554971188479853,2014-08-01
2014-09,0.07716501782135567,0.10369838614573693,0.07631863458230108,0.014478354124426116,-0.03806956343640027,2014-09-01
2014-10,0.0029201908012430134,0.0381199683370052,0.07756302091888168,0.021717876977694582,-0.07306392091799642,2014-10-01
2014-11,-0.05079740202449412,-0.0268587228083534,0.03745557332118014,0.015054827180877696,-0.052463034897253485,2014-11-01
2014-12,-0.10097235784025947,-0.08177874148727908,-0.024593716954119174,0.016361210649002242,-0.04907534948086092,2014-12-01
2015-01,-0.057161796260678785,-0.08256979910165439,-0.06511973915686871,0.01507287474730873,0.043874723319928845,2015-01-01
2015-02,-0.03418177375672393,-0.03955031532713207,-0.06878305528332657,0.00892945839753002,0.023551476534287952,2015-02-01
2015-03,-0.07189389491072756,-0.053514364353536174,-0.059357216417063825,0.012426757353977852,-0.03713796586741346,2015-03-01
2015-04,-0.09581346970122818,-0.08392104176972318,-0.05933507510668672,0.007021781641186781,-0.023247567346112424,2015-04-01
2015-05,-0.09610443146085401,-0.09973149811009273,-0.07960824655469698,0.004619134015414163,-1.5922988783780864e-05,2015-05-01
2015-06,-0.08810530527812518,-0.09141340393433024,-0.09198069341337853,0.003198215885310522,0.007724618178179569,2015-06-01
2015-07,-0.0794267556236969,-0.08328424351356242,-0.09142432033691038,0.002904451162535182,0.008464401213113497,2015-07-01
2015-08,-0.06562681014436482,-0.07086047947399685,-0.08163629053177178,0.005648222950679914,0.013432208878904076,2015-08-01
2015-09,-0.08494076842665169,-0.07633957455026136,-0.07659084982480681,0.007652835634985022,-0.019461960243611333,2015-09-01
2015-10,-0.08371589951300001,-0.0845580243258798,-0.07720436688227343,0.0032598269277369927,0.0010889806098852365,2015-10-01
2015-11,-0.05907084575418938,-0.07143481905286014,-0.07765287659405028,0.008869217820324444,0.024744642708914234,2015-11-01
2015-12,-0.059178253710974835,-0.06010620900496051,-0.07187916853892222,0.004209034781137552,-8.954927217411068e-05,2015-12-01
2016-01,-0.03186403408532376,-0.04430678324987078,-0.058207611133845795,0.008623219580541425,0.02668623431783919,2016-01-01
2016-02,-0.023011860893832066,-0.023760626671818687,-0.042742945932117735,0.006353771290914664,0.008998600082203236,2016-02-01
2016-03,-0.06831583852600716,-0.04656929342276679,-0.038295938815184706,0.014774934312056677,-0.04473940575100314,2016-03-01
2016-04,-0.08942282568833092,-0.0792614387980494,-0.05011721592811104,0.00635574416437413,-0.020303148618088677,2016-04-01
2016-05,-0.04348208312394554,-0.0779584644991033,-0.06854480593986356,0.019005438949215088,0.04614109013333011,2016-05-01
2016-06,0.032667954380286926,0.0033426398072226933,-0.051380102672700295,0.021899374024869585,0.07441165359751008,2016-06-01
2016-07,0.04100039089572559,0.04229107014245062,-0.009887448028699753,0.007940390668949481,0.0077304517668736715,2016-07-01
2016-08,0.06275755230573847,0.047390354304901953,0.032192211422237126,0.010345088787950938,0.022149929051976606,2016-08-01
2016-09,0.0485034331973683,0.06240909828030109,0.050926781973670884,0.010039027593228646,-0.015040914695730575,2016-09-01
2016-10,0.007037112914790473,0.02809727608175852,0.046063324456050464,0.011940933378651613,-0.04092846044120314,2016-10-01
2016-11,-0.032851326926390395,-0.016176024058417476,0.02437172091765277,0.011516655489866436,-0.03906201766784878,2016-11-01
2016-12,-0.071076771104387,-0.05470050136547453,-0.014910934135185464,0.01205852327551764,-0.03747897068073543,2016-12-01
2017-01,-0.08856703131151239,-0.08189377081291074,-0.05195276780024167,0.00737607794579297,-0.016771646646804247,2017-01-01
2017-02,-0.010791954394627075,-0.056814947311960164,-0.06469007798487822,0.02769449533396267,0.07963869436168262,2017-02-01
2017-03,0.022321879431774844,0.010017229592511367,-0.04292106003597184,0.010275343212023376,0.03594456761115755,2017-03-01
2017-04,0.01942337428578216,0.026742802511307364,-0.006299007002140656,0.007553382153919628,-0.0031384954851363805,2017-04-01
2017-05,-0.029332335830897605,-0.005970787180589719,0.010545188675670406,0.01447358292153236,-0.04788304377901186,2017-05-01
2017-06,-0.06020515909413899,-0.049713117533179654,-0.00997136807858271,0.010168353013128247,-0.030149388141608884,2017-06-01
2017-07,-0.037740275631929256,-0.05158779011442643,-0.03640266219253038,0.006953554525886207,0.02223904824112531,2017-07-01
2017-08,-0.006098201517142058,-0.015923415923752,-0.03923203475362456,0.011672913153859269,0.030184582415499366,2017-08-01
2017-09,-0.005822568786762464,-0.012775387037837335,-0.026175485635054143,0.01051790778444094,0.0002115052955310198,2017-09-01
2017-10,0.05603641497810395,0.029017664194449917,0.0005152854305045698,0.01873338973767967,0.06055456601463555,2017-10-01
2017-11,0.08003840213812262,0.0727167767107619,0.03004826337206203,0.008270322970442013,0.023287919376428348,2017-11-01
2017-12,0.10333500286052598,0.08503516404457093,0.06300117519674234,0.010241694629966058,0.02349138458538378,2017-12-01
2018-01,0.17347313206495374,0.14413282577809283,0.10122818146654915,0.020598330568578935,0.06775202681195368,2018-01-01
2018-02,0.2379582423590149,0.20141111041168358,0.1431622859886398,0.019946865164760377,0.06470913609976828,2018-02-01
2018-03,0.27453294827737934,0.2625221180408241,0.2017259878425257,0.011330208327019161,0.03863790488583565,2018-03-01
2018-04,0.26248207061056783,0.2724768519987001,0.2458480619037303,0.007882687199034712,-0.012162218713284058,2018-04-01
2018-05,0.26456719612234214,0.2621230391743907,0.26599466781965714,0.008972860340975457,0.002217331620577462,2018-05-01
2018-06,0.21275232824702547,0.23952676709301515,0.2578994264596437,0.017043093238190858,-0.052020985038139074,2018-06-01
2018-07,0.16353454777098952,0.1884328170628893,0.22974796708670395,0.01422807101980222,-0.04855443671815941,2018-07-01
2018-08,0.15502223052147965,0.15106973906372648,0.19157813193751314,0.010553861853541542,-0.006776286218607502,2018-08-01
2018-09,0.13847226584385386,0.1530337415261823,0.16327571873257044,0.010172552072283434,-0.017104982035179118,2018-09-01
2018-10,0.13021718351700945,0.13050147773438275,0.14465078251648786,0.00518511106437649,-0.007869459434602145,2018-10-01
2018-11,0.17741170212143265,0.14955706682180678,0.144076968446168,0.016548990323184947,0.04707121102666764,2018-11-01
2018-12,0.1732161178380831,0.18245200106730347,0.1544177014810469,0.010317866525444015,-0.004656671253741121,2018-12-01
2019-01,0.18877128486375175,0.17359790409896467,0.16931441297330335,0.007941204129065826,0.016280480542655087,2019-01-01
2019-02,0.2623559892158368,0.22788308454148362,0.19448910500466662,0.024497131720883056,0.07587507456400355,2019-02-01
2019-03,0.24832239046609222,0.26075343171255294,0.22007607154811876,0.008767192881196581,-0.012162311323854839,2019-03-01
2019-04,0.19522920844849548,0.22190522684835107,0.2367851391935688,0.015800214914954293,-0.05244277782990158,2019-04-01
2019-05,0.18438716082164133,0.1842459126290889,0.22183241496721492,0.007632077586514598,-0.010188223049598866,2019-05-01
2019-06,0.1800614429055755,0.1818622537112119,0.19531539630139266,0.004112601844304851,-0.004639935058334502,2019-06-01
2019-07,0.15357333432147532,0.17289815736667297,0.17955672826610777,0.01052177986097189,-0.026582235514937127,2019-07-01
2019-08,0.09650154857309064,0.12110021176051955,0.15823207837507286,0.016277108465270616,-0.054991691409517485,2019-08-01
2019-09,0.07879311372811235,0.082033059662668,0.12460715014357718,0.00705011689771008,-0.01697527135552671,2019-09-01
2019-10,0.08883538299777165,0.08563270216636909,0.09562178728104459,0.003913000251437391,0.009740333665874018,2019-10-01
2019-11,0.07440144215049811,0.084605707711698,0.0839936258898557,0.004721943765852461,-0.014456683032350716,2019-11-01
2019-12,0.03234314524913201,0.05011861270472579,0.07343076065246287,0.012781724528465427,-0.041140550914251076,2019-12-01
2020-01,-0.0023679564821449447,0.015775709210296425,0.04940489862953191,0.010458499388116455,-0.03385029888076906,2020-01-01
2020-02,-0.0186461729999472,-0.012810061086622278,0.01722669017081545,0.005244120350356853,-0.016012374526868493,2020-02-01
2020-03,-0.04710558878851775,-0.032368977012506676,-0.009763627265637119,0.008843281863246948,-0.02814921091782818,2020-03-01
2020-04,-0.03616313858861027,-0.048934453516663104,-0.03158848515999606,0.009195552235064495,0.011492110706807763,2020-04-01
2020-05,-0.011813508453621812,-0.01731838935389295,-0.03303635646368106,0.009330391795052847,0.02349333528436019,2020-05-01
2020-06,-0.031185789615271676,-0.02185015670560507,-0.029020672097025264,0.005952529572329671,-0.01929909748716694,2020-06-01
2020-07,-0.06117349390243415,-0.04415701293295619,-0.027643175142252032,0.00893722077380423,-0.02970304036735908,2020-07-01
2020-08,-0.08122972539941282,-0.07690720199726081,-0.048299417075981003,0.008023562020622026,-0.018574374769378323,2020-08-01
2020-09,-0.09009052065106085,-0.08531884088920476,-0.06942757045980175,0.005189413329675792,-0.009018068727827183,2020-09-01
2020-10,-0.10441556556694714,-0.09377314410740313,-0.08557494915849963,0.006209241298490798,-0.014402816683228108,2020-10-01
2020-11,-0.12438082242636363,-0.11841341510171782,-0.09931036146294783,0.0069773330924795965,-0.019407391202633743,2020-11-01
2020-12,-0.15295443482825047,-0.13644854419001123,-0.11645059920045131,0.009427271929713378,-0.028317539493737817,2020-12-01
2021-01,-0.14679403887770268,-0.15916462986926283,-0.13859963691194044,0.00971378219050391,0.007338397215717962,2021-01-01
2021-02,-0.04109969381526452,-0.09661006136257276,-0.13115245194709002,0.03339388358794227,0.10817768661218184,2021-02-01
2021-03,0.04647138430691506,0.004880872569657147,-0.08420863318881748,0.026071430676673356,0.08995101633084532,2021-03-01
2021-04,0.0957858427060708,0.07929531127840056,-0.0035663844398625827,0.014496130063001636,0.04792988777314506,2021-04-01
2021-05,0.13494569621269106,0.11084437437793096,0.06617922735039185,0.01217231122257445,0.03890585423189917,2021-05-01
2021-06,0.20278031278773498,0.1704303828762645,0.12086009241325044,0.019551461090539856,0.06679175404203505,2021-06-01
2021-07,0.24467478278000016,0.23048022942232577,0.1714081658518255,0.012981645941371626,0.04065505934608477,2021-07-01
2021-08,0.27436068727104107,0.2589223143435678,0.22149234628924425,0.009881409314852155,0.029136039553536025,2021-08-01
2021-09,0.33395224761263315,0.30050606746607306,0.26415877344010946,0.018238720325659496,0.05905446596195665,2021-09-01
2021-10,0.35743379187817126,0.35622932291113746,0.30593599474637206,0.012880195028504552,0.022329408507410803,2021-10-01
2021-11,0.3239223731854678,0.33926430094861804,0.33289143719050973,0.009846588027404053,-0.033103596551489825,2021-11-01
2021-12,0.2684241650098787,0.2965151752351802,0.3307001652065033,0.016934211238285327,-0.05471623150677355,2021-12-01
2022-01,0.23529921982859392,0.2451323128745158,0.29247580703864456,0.011054672698752375,-0.031235495407015743,2022-01-01
2022-02,0.29436804503803266,0.25951804236016696,0.2667926155543097,0.01975691485052723,0.0605322608110677,2022-02-01
2022-03,0.4052025169896819,0.3448169785861741,0.28334753647338123,0.03316989541340182,0.11224600121248901,2022-03-01
2022-04,0.5935448258886846,0.4980961883910485,0.36815358625217126,0.055032876483280896,0.18595492583756384,2022-04-01
2022-05,0.7735662734461859,0.6990223334620829,0.5163550121771053,0.052987693860244295,0.1763596438735759,2022-05-01
2022-06,0.8,0.7955244078329017,0.6673956121820943,0.006411647774090772,0.024216875441953733,2022-06-01
2022-07,0.7920482875349597,0.7984622404444734,0.7662973667126319,0.0024233933521867366,-0.00795171246504039,2022-07-01
2022-08,0.7565031660532905,0.7729000356589631,0.7891402593812241,0.010820439593650935,-0.03452693458582987,2022-08-01
2022-09,0.7187953270836418,0.7372490176779105,0.7692189009949317,0.0117301700408419,-0.037310070963792324,2022-09-01
2022-10,0.7040876591183813,0.7085203497359643,0.7389630546533864,0.005189357542253199,-0.014225946028402124,2022-10-01
2022-11,0.6930389438352577,0.6966982171400264,0.7136372878896232,0.006831165290950154,-0.011056239019035359,2022-11-01
2022-12,0.7052364680356157,0.7025191033005352,0.702396846984234,0.006972757729645466,0.01168588132060975,2022-12-01
2023-01,0.7307648006120167,0.7107536307810567,0.7033073640790133,0.01118322149654565,0.02583563879035004,2023-01-01
2023-02,0.7896463330367348,0.7643485631204286,0.7256467514723086,0.018386501677018365,0.060508620442682536,2023-02-01
2023-03,0.7844008262944582,0.7926532156582485,0.7551748222738967,0.007180717906204293,-0.004242204845945178,2023-03-01
2023-04,0.7338060236996529,0.7583646383376136,0.7717417753798819,0.015170117269489183,-0.050096258322623495,2023-04-01
2023-05,0.6956838724482436,0.7132045663268258,0.7543874888242614,0.011174313502630057,-0.03747536874451557,2023-05-01
2023-06,0.6952089866757961,0.6879525377003726,0.7190701020436857,0.008557118707215036,0.0001275106788093283,2023-06-01
2023-07,0.7573714269805419,0.7270128285133765,0.7090710532325545,0.019349168595528574,0.06129205177090745,2023-07-01
2023-08,0.7914400750813826,0.7774596336164257,0.7316295345492034,0.009944599679739066,0.032424898387078724,2023-08-01
2023-09,0.8,0.7987154664207657,0.7689484543486459,0.002185862140158712,0.007950164827618218,2023-09-01
2023-10,0.7883874860078076,0.7969496721565562,0.7914078019550219,0.0036461807117496798,-0.01161251399219236,2023-10-01
2023-11,0.7384661207775204,0.7623345557547107,0.7860445532182606,0.015531431080923004,-0.049534281430547576,2023-11-01
2023-12,0.7237418349855259,0.7291730107010486,0.7624081275753097,0.004599024785478068,-0.014434572500291891,2023-12-01
2024-01,0.7423783608410923,0.7292890070499954,0.7393036414145218,0.009245323812427363,0.018940672131684,2024-01-01
2024-02,0.7358190119602573,0.7462290413745815,0.7346304238449618,0.006532099228319203,-0.007096637461803932,2024-02-01
2024-03,0.672118105689924,0.7006444806764959,0.7252293311681242,0.020565666530988007,-0.06297449251342382,2024-03-01
2024-04,0.6635604386328069,0.6653502030727466,0.7035680799224071,0.002765607006835841,-0.007628259953536846,2024-04-01
2024-05,0.6549611086161696,0.6626640140682212,0.6755070852818718,0.005295910707358824,-0.00867011493756902,2024-05-01
2024-06,0.6163572163516224,0.6323073183785969,0.6533567005762732,0.012292096085601834,-0.03824410351236316,2024-06-01
2024-07,0.6261265229910531,0.6213707108213031,0.638496929071171,0.0072258289233412985,0.009635484063387097,2024-07-01
2024-08,0.5847778639069532,0.6078270328888701,0.6200302666268407,0.012930099146385286,-0.040997401723005825,2024-08-01
2024-09,0.49531805458073624,0.5422671219021038,0.5904571394690327,0.027318111852840627,-0.0886318468559469,2024-09-01
2024-10,0.42066778243633857,0.4545445461749661,0.533868935583871,0.020934628451515568,-0.07335052265493569,2024-10-01
2024-11,0.34722585751221546,0.380155426934245,0.4575727106981375,0.02135074573600305,-0.0722966569917539,2024-11-01
2024-12,0.280335972265192,0.31110483368213054,0.38074932377415727,0.02017915995232182,-0.06577875839427005,2024-12-01
2025-01,0.277468857612035,0.2692749633103915,0.31828332003216414,0.00896481533799262,-0.0013014108407207736,2025-01-01
2025-02,0.3520570740420288,0.3160398290078638,0.2981154813349592,0.02455250202368414,0.07698359737426397,2025-02-01
2025-03,0.35851498570549145,0.3596111193471226,0.3145304776913824,0.005553468114503978,0.008238087249675372,2025-03-01
2025-04,0.35707435872825555,0.35622564627975944,0.34401932203344254,0.003493553677509454,-0.0011993716151136313,2025-04-01
2025-05,0.3470749916714865,0.3537307859539356,0.35660118339673336,0.0037762840896071546,-0.0099063619394222,2025-05-01
2025-06,0.32183011721846927,0.3342293107352667,0.348016677032712,0.007672013350893503,-0.025007667505716615,2025-06-01
2025-07,0.2777372970543835,0.30277560989335556,0.3299849263917564,0.013123144206077467,-0.0436991540663673,2025-07-01
2025-08,0.21136281769666954,0.2415416734347543,0.29192621954343423,0.018846328082280664,-0.06415466124299359,2025-08-01
2025-09,0.1508525884103612,0.17701775670791928,0.23936860722698683,0.018352345998595917,-0.05952858632176853,2025-09-01
2025-10,0.11691457353854406,0.1354429666013678,0.1836627887348642,0.009952292279843303,-0.03366263673233351,2025-10-01
2025-11,0.08701236656798476,0.09616524211688482,0.13539956473367368,0.009093800676183282,-0.029055497218965134,2025-11-01
2025-12,0.08900536006582951,0.08712986719460933,0.11035033073234188,0.0009055275927564407,0.0017957480931391906,2025-12-01
